sale_id,product_id,quantity,discount,unit_price,date,region,payment_method
1,106,1,0.07,18,2023-10-02,West,Credit Card
2,101,3,0.24,25,2023-01-05,North,Online
3,105,2,0.01,45,2023-05-11,North,Online
4,105,3,0.19,45,2023-02-13,West,Credit Card
5,103,5,0.05,35,2023-12-13,South,Online
6,109,5,0.14,20,2023-08-26,North,Cash
7,107,3,0.25,12,2023-08-14,West,Credit Card
8,110,1,0.04,5,2023-12-26,East,Cash
9,106,5,0.01,18,2023-07-06,West,Credit Card
10,100,1,0.12,20,2023-03-31,South,Credit Card
11,100,5,0.22,20,2023-10-02,East,Cash
12,100,4,0.17,20,2023-12-11,South,Credit Card
13,110,3,0.17,5,2023-10-25,East,Credit Card
14,109,1,0.22,20,2023-06-18,North,Cash
15,107,2,0.16,12,2023-07-22,South,Online
16,109,1,0.07,20,2023-03-27,North,Credit Card
17,108,3,0.1,30,2023-02-26,East,Credit Card
18,110,2,0.21,5,2023-02-21,South,Credit Card
19,109,1,0.02,20,2023-06-22,West,Credit Card
20,103,1,0.03,35,2023-11-04,South,Cash
21,108,2,0.12,30,2023-03-03,East,Credit Card
22,105,5,0.11,45,2023-11-18,North,Credit Card
23,102,4,0.04,40,2023-11-22,North,Cash
24,100,3,0.03,20,2023-03-10,East,Online
25,101,3,0.12,25,2023-06-14,South,Credit Card
26,107,3,0.25,12,2023-03-28,North,Credit Card
27,109,5,0.18,20,2023-02-12,North,Cash
28,103,2,0.02,35,2023-07-10,West,Cash
29,108,5,0.04,30,2023-05-31,South,Cash
30,109,1,0.16,20,2023-01-12,South,Online
31,107,3,0.18,12,2023-09-22,West,Online
32,110,3,0.16,5,2023-05-03,West,Cash
33,109,1,0.01,20,2023-06-23,North,Online
34,109,2,0.25,20,2023-08-10,East,Cash
35,102,1,0.08,40,2023-08-18,South,Credit Card
36,101,4,0.22,25,2023-02-27,West,Online
37,105,5,0.09,45,2023-05-26,North,Credit Card
38,109,5,0.19,20,2023-03-21,East,Online
39,109,5,0.23,20,2023-03-04,North,Online
40,106,3,0.22,18,2023-07-14,West,Online
41,101,1,0.16,25,2023-01-16,South,Online
42,108,5,0.17,30,2023-05-09,East,Cash
43,103,3,0.1,35,2023-11-21,East,Credit Card
44,108,3,0.11,30,2023-10-18,West,Cash
45,109,5,0.1,20,2023-09-19,West,Cash
46,101,2,0.14,25,2023-03-20,South,Cash
47,108,1,0.07,30,2023-01-07,West,Cash
48,109,5,0.17,20,2023-01-07,South,Online
49,106,2,0.24,18,2023-04-03,North,Credit Card
50,106,4,0.19,18,2023-08-21,North,Cash
51,100,5,0.22,20,2023-05-31,West,Cash
52,108,1,0.12,30,2023-01-30,West,Online
53,102,1,0.04,40,2023-01-19,South,Credit Card
54,103,1,0.07,35,2023-05-13,West,Credit Card
55,107,3,0.18,12,2023-10-16,East,Credit Card
56,101,1,0.03,25,2023-01-23,South,Online
57,102,3,0.0,40,2023-12-17,East,Online
58,104,3,0.02,750,2023-03-19,South,Online
59,106,5,0.24,18,2023-03-23,West,Credit Card
60,109,3,0.06,20,2023-06-20,North,Credit Card
61,103,4,0.06,35,2023-10-04,West,Online
62,104,4,0.2,750,2023-02-19,South,Cash
63,103,3,0.05,35,2023-01-12,West,Cash
64,107,1,0.22,12,2023-03-04,North,Cash
65,101,5,0.06,25,2023-12-23,East,Credit Card
66,110,1,0.08,5,2023-09-23,East,Credit Card
67,110,3,0.21,5,2023-01-26,West,Credit Card
68,109,2,0.07,20,2023-03-15,West,Credit Card
69,100,5,0.1,20,2023-12-07,East,Cash
70,103,3,0.24,35,2023-08-05,West,Cash
71,103,5,0.04,35,2023-09-13,East,Credit Card
72,110,2,0.23,5,2023-06-07,West,Online
73,101,1,0.21,25,2023-07-21,South,Online
74,105,1,0.0,45,2023-09-04,West,Credit Card
75,100,3,0.17,20,2023-07-08,West,Credit Card
76,110,3,0.11,5,2023-09-12,East,Cash
77,108,1,0.18,30,2023-09-05,East,Online
78,108,3,0.12,30,2023-03-30,North,Online
79,105,5,0.09,45,2023-09-04,East,Credit Card
80,110,1,0.03,5,2023-01-02,North,Credit Card
81,106,4,0.2,18,2023-05-12,East,Cash
82,104,2,0.24,750,2023-03-19,South,Online
83,102,1,0.24,40,2023-09-02,West,Cash
84,109,2,0.1,20,2023-10-09,South,Online
85,103,3,0.22,35,2023-04-02,East,Online
86,101,4,0.14,25,2023-04-22,North,Online
87,105,4,0.22,45,2023-03-14,East,Credit Card
88,103,2,0.21,35,2023-10-27,East,Credit Card
89,103,3,0.05,35,2023-02-11,West,Credit Card
90,100,4,0.14,20,2023-02-21,West,Cash
91,102,4,0.16,40,2023-02-12,East,Cash
92,105,2,0.03,45,2023-07-10,West,Cash
93,105,2,0.05,45,2023-06-02,East,Cash
94,100,5,0.01,20,2023-07-09,North,Online
95,101,1,0.08,25,2023-05-20,East,Cash
96,104,5,0.01,750,2023-08-27,West,Credit Card
97,110,4,0.19,5,2023-05-04,West,Credit Card
98,105,4,0.06,45,2023-01-12,West,Credit Card
99,102,5,0.05,40,2023-08-28,North,Cash
100,102,2,0.19,40,2023-12-01,East,Online
101,106,5,0.2,18,2023-07-09,East,Credit Card
102,101,5,0.05,25,2023-10-10,South,Credit Card
103,109,5,0.1,20,2023-04-14,West,Online
104,101,2,0.03,25,2023-05-23,East,Credit Card
105,109,3,0.04,20,2023-11-17,East,Credit Card
106,105,5,0.13,45,2023-06-01,West,Online
107,109,5,0.06,20,2023-09-13,South,Online
108,101,1,0.05,25,2023-09-03,West,Cash
109,110,3,0.13,5,2023-03-31,East,Cash
110,106,5,0.12,18,2023-10-25,South,Credit Card
111,103,5,0.01,35,2023-05-14,South,Credit Card
112,104,1,0.18,750,2023-12-02,North,Cash
113,102,4,0.12,40,2023-04-09,North,Credit Card
114,101,4,0.12,25,2023-09-14,West,Credit Card
115,110,4,0.18,5,2023-08-21,East,Credit Card
116,100,1,0.13,20,2023-07-17,North,Credit Card
117,102,2,0.2,40,2023-04-15,East,Cash
118,105,2,0.1,45,2023-03-13,East,Credit Card
119,106,4,0.23,18,2023-11-29,East,Online
120,107,1,0.07,12,2023-05-20,West,Online
121,104,1,0.08,750,2023-08-15,South,Credit Card
122,100,4,0.16,20,2023-09-04,West,Online
123,101,4,0.05,25,2023-11-13,North,Cash
124,103,4,0.21,35,2023-12-17,West,Credit Card
125,105,1,0.05,45,2023-05-28,South,Cash
126,104,5,0.05,750,2023-12-28,West,Online
127,105,1,0.01,45,2023-08-05,South,Cash
128,100,5,0.12,20,2023-08-05,North,Cash
129,107,4,0.05,12,2023-11-22,East,Cash
130,100,2,0.21,20,2023-09-28,South,Online
131,109,1,0.12,20,2023-08-31,West,Online
132,109,5,0.23,20,2023-12-16,North,Credit Card
133,108,1,0.14,30,2023-08-02,East,Online
134,102,3,0.14,40,2023-05-01,North,Cash
135,109,3,0.16,20,2023-11-17,North,Online
136,105,4,0.19,45,2023-09-21,South,Credit Card
137,100,4,0.15,20,2023-03-31,South,Online
138,103,1,0.14,35,2023-09-06,West,Online
139,103,3,0.14,35,2023-08-16,South,Online
140,101,3,0.17,25,2023-04-23,North,Cash
141,100,2,0.16,20,2023-02-26,North,Credit Card
142,108,5,0.2,30,2023-01-29,North,Cash
143,104,1,0.25,750,2023-07-02,East,Cash
144,108,2,0.17,30,2023-05-14,North,Cash
145,102,4,0.08,40,2023-04-16,East,Cash
146,109,1,0.16,20,2023-06-30,South,Online
147,108,2,0.02,30,2023-01-02,East,Online
148,105,4,0.18,45,2023-11-15,West,Credit Card
149,105,1,0.24,45,2023-11-27,East,Online
150,104,3,0.03,750,2023-08-14,East,Online
151,103,1,0.04,35,2023-07-01,West,Cash
152,108,2,0.12,30,2023-12-17,South,Cash
153,109,4,0.22,20,2023-05-12,West,Credit Card
154,103,2,0.06,35,2023-04-15,West,Credit Card
155,106,4,0.23,18,2023-02-20,South,Online
156,107,3,0.04,12,2023-08-01,East,Cash
157,103,4,0.15,35,2023-03-25,South,Cash
158,102,3,0.14,40,2023-06-02,North,Credit Card
159,109,5,0.15,20,2023-10-26,North,Online
160,104,3,0.22,750,2023-08-17,East,Cash
161,106,5,0.18,18,2023-04-09,North,Credit Card
162,106,1,0.14,18,2023-03-22,West,Cash
163,101,4,0.14,25,2023-12-29,East,Credit Card
164,105,2,0.06,45,2023-04-22,West,Cash
165,100,3,0.13,20,2023-11-01,East,Credit Card
166,110,1,0.12,5,2023-02-24,South,Credit Card
167,109,5,0.01,20,2023-07-12,South,Credit Card
168,105,4,0.05,45,2023-07-30,South,Cash
169,107,1,0.13,12,2023-09-20,South,Online
170,104,4,0.07,750,2023-11-06,North,Credit Card
171,107,1,0.02,12,2023-10-10,East,Cash
172,103,3,0.13,35,2023-01-10,South,Credit Card
173,102,1,0.17,40,2023-12-07,North,Cash
174,105,2,0.07,45,2023-03-09,North,Credit Card
175,110,5,0.04,5,2023-11-02,North,Cash
176,105,3,0.25,45,2023-01-30,West,Credit Card
177,100,1,0.05,20,2023-10-28,West,Online
178,104,5,0.17,750,2023-05-22,West,Online
179,107,2,0.24,12,2023-10-21,North,Cash
180,107,2,0.14,12,2023-09-13,North,Cash
181,100,3,0.14,20,2023-07-27,East,Cash
182,106,3,0.21,18,2023-05-02,South,Credit Card
183,108,3,0.19,30,2023-11-29,West,Cash
184,101,1,0.22,25,2023-07-16,West,Online
185,104,4,0.1,750,2023-10-28,East,Credit Card
186,109,1,0.1,20,2023-12-09,South,Credit Card
187,102,2,0.09,40,2023-09-24,West,Credit Card
188,109,5,0.05,20,2023-03-29,East,Cash
189,110,3,0.22,5,2023-04-13,North,Online
190,107,3,0.19,12,2023-09-23,West,Cash
191,105,4,0.09,45,2023-06-17,East,Credit Card
192,108,3,0.13,30,2023-11-23,South,Online
193,106,5,0.19,18,2023-03-10,West,Cash
194,104,1,0.11,750,2023-07-13,East,Cash
195,101,5,0.23,25,2023-11-12,North,Online
196,101,1,0.17,25,2023-08-14,East,Online
197,106,2,0.03,18,2023-12-28,West,Credit Card
198,104,1,0.25,750,2023-04-27,East,Credit Card
199,108,2,0.23,30,2023-04-02,West,Credit Card
200,107,3,0.13,12,2023-01-03,South,Credit Card
201,108,2,0.08,30,2023-12-18,East,Cash
202,104,2,0.21,750,2023-09-10,East,Cash
203,104,4,0.03,750,2023-10-15,North,Online
204,106,2,0.12,18,2023-05-22,West,Cash
205,107,4,0.21,12,2023-04-20,South,Cash
206,102,3,0.16,40,2023-04-01,North,Online
207,102,1,0.22,40,2023-09-26,East,Cash
208,102,5,0.01,40,2023-07-28,West,Cash
209,108,2,0.1,30,2023-07-12,South,Credit Card
210,103,4,0.18,35,2023-02-09,North,Cash
211,108,4,0.17,30,2023-04-30,North,Cash
212,100,1,0.25,20,2023-05-04,East,Cash
213,105,1,0.08,45,2023-09-13,North,Credit Card
214,103,1,0.19,35,2023-02-28,North,Cash
215,101,2,0.24,25,2023-06-04,South,Cash
216,101,3,0.25,25,2023-05-31,West,Cash
217,104,5,0.13,750,2023-12-06,West,Cash
218,106,3,0.18,18,2023-10-22,East,Cash
219,108,4,0.2,30,2023-03-11,West,Online
220,110,5,0.04,5,2023-08-18,West,Online
221,102,3,0.19,40,2023-02-24,South,Online
222,107,4,0.15,12,2023-02-22,North,Cash
223,108,5,0.12,30,2023-07-19,West,Credit Card
224,102,3,0.03,40,2023-09-29,East,Credit Card
225,101,5,0.06,25,2023-12-02,West,Cash
226,105,2,0.09,45,2023-02-17,East,Credit Card
227,110,2,0.2,5,2023-10-28,West,Online
228,100,1,0.21,20,2023-09-26,West,Credit Card
229,105,1,0.04,45,2023-05-05,South,Credit Card
230,107,1,0.14,12,2023-10-28,North,Online
231,110,2,0.23,5,2023-05-11,South,Credit Card
232,110,5,0.2,5,2023-06-08,South,Cash
233,108,1,0.08,30,2023-12-01,North,Credit Card
234,107,3,0.06,12,2023-03-08,North,Credit Card
235,109,3,0.02,20,2023-11-29,East,Online
236,103,1,0.22,35,2023-07-30,East,Online
237,103,1,0.14,35,2023-07-30,South,Cash
238,103,1,0.16,35,2023-05-18,South,Cash
239,104,5,0.06,750,2023-02-20,South,Credit Card
240,102,5,0.05,40,2023-06-06,South,Online
241,107,2,0.23,12,2023-10-26,East,Online
242,104,2,0.05,750,2023-08-09,North,Credit Card
243,100,1,0.03,20,2023-01-11,East,Cash
244,106,2,0.2,18,2023-05-22,North,Cash
245,104,3,0.18,750,2023-01-29,East,Cash
246,102,2,0.11,40,2023-03-04,South,Credit Card
247,105,1,0.01,45,2023-07-12,West,Credit Card
248,105,2,0.12,45,2023-11-20,West,Credit Card
249,108,2,0.18,30,2023-05-19,South,Cash
250,110,1,0.13,5,2023-04-16,East,Credit Card
251,108,3,0.22,30,2023-10-14,North,Cash
252,108,3,0.05,30,2023-10-05,South,Online
253,108,4,0.12,30,2023-06-04,North,Credit Card
254,110,2,0.06,5,2023-03-02,East,Cash
255,101,2,0.23,25,2023-11-18,East,Cash
256,105,4,0.05,45,2023-06-27,South,Cash
257,110,2,0.19,5,2023-07-07,North,Online
258,108,4,0.21,30,2023-04-10,West,Cash
259,105,1,0.07,45,2023-08-21,South,Online
260,108,2,0.07,30,2023-08-31,West,Cash
261,106,3,0.14,18,2023-01-26,South,Online
262,100,1,0.23,20,2023-10-13,South,Online
263,110,1,0.15,5,2023-11-15,North,Online
264,103,1,0.25,35,2023-11-05,West,Online
265,103,1,0.03,35,2023-10-18,West,Cash
266,110,3,0.18,5,2023-02-22,South,Cash
267,101,2,0.19,25,2023-12-21,North,Cash
268,100,4,0.2,20,2023-08-08,South,Credit Card
269,106,2,0.18,18,2023-07-05,North,Online
270,101,3,0.2,25,2023-10-13,West,Cash
271,102,1,0.04,40,2023-12-02,West,Online
272,105,5,0.16,45,2023-04-22,North,Cash
273,108,1,0.23,30,2023-09-05,East,Online
274,107,1,0.19,12,2023-08-12,East,Cash
275,107,2,0.2,12,2023-07-26,West,Online
276,103,2,0.17,35,2023-11-24,North,Cash
277,102,5,0.1,40,2023-12-22,South,Cash
278,109,2,0.13,20,2023-02-08,South,Online
279,106,4,0.1,18,2023-05-07,East,Cash
280,110,3,0.15,5,2023-02-12,East,Online
281,101,1,0.2,25,2023-05-24,South,Cash
282,106,2,0.17,18,2023-09-25,South,Credit Card
283,105,3,0.17,45,2023-12-12,North,Cash
284,104,4,0.14,750,2023-11-03,West,Online
285,100,1,0.24,20,2023-07-18,West,Credit Card
286,101,2,0.01,25,2023-08-12,West,Online
287,107,5,0.04,12,2023-09-28,East,Credit Card
288,110,1,0.2,5,2023-01-16,West,Cash
289,107,5,0.22,12,2023-09-16,North,Credit Card
290,104,2,0.13,750,2023-04-24,North,Cash
291,108,5,0.19,30,2023-03-11,South,Credit Card
292,110,5,0.17,5,2023-02-08,South,Cash
293,107,5,0.05,12,2023-05-04,North,Online
294,101,5,0.08,25,2023-11-21,West,Online
295,108,4,0.11,30,2023-04-12,North,Credit Card
296,106,2,0.02,18,2023-04-03,North,Cash
297,103,1,0.23,35,2023-07-08,North,Cash
298,100,2,0.16,20,2023-11-14,East,Credit Card
299,104,5,0.03,750,2023-01-05,West,Credit Card
300,108,5,0.1,30,2023-05-02,East,Cash
301,100,3,0.11,20,2023-02-28,South,Online
302,109,4,0.19,20,2023-09-29,North,Credit Card
303,110,5,0.18,5,2023-12-30,South,Credit Card
304,107,5,0.2,12,2023-11-29,North,Cash
305,109,5,0.04,20,2023-05-16,West,Online
306,106,3,0.22,18,2023-10-02,East,Online
307,103,2,0.02,35,2023-06-09,North,Credit Card
308,100,4,0.06,20,2023-08-02,East,Cash
309,107,2,0.21,12,2023-11-03,South,Online
310,103,5,0.2,35,2023-01-09,South,Cash
311,100,5,0.15,20,2023-11-12,East,Online
312,106,3,0.02,18,2023-08-02,West,Cash
313,106,4,0.01,18,2023-09-01,North,Online
314,110,1,0.02,5,2023-08-20,South,Credit Card
315,110,1,0.11,5,2023-08-11,East,Online
316,104,2,0.04,750,2023-06-13,South,Online
317,101,1,0.02,25,2023-07-09,East,Online
318,108,4,0.03,30,2023-07-01,West,Credit Card
319,102,3,0.18,40,2023-03-02,West,Online
320,103,3,0.02,35,2023-09-04,North,Cash
321,103,4,0.06,35,2023-03-27,South,Cash
322,104,2,0.18,750,2023-10-23,North,Credit Card
323,109,1,0.03,20,2023-06-24,South,Cash
324,102,4,0.07,40,2023-02-28,West,Cash
325,100,3,0.18,20,2023-06-22,West,Cash
326,101,3,0.2,25,2023-07-22,North,Cash
327,106,1,0.0,18,2023-01-25,North,Online
328,100,1,0.02,20,2023-01-19,East,Cash
329,107,3,0.1,12,2023-03-06,South,Cash
330,110,3,0.08,5,2023-04-25,North,Online
331,106,3,0.25,18,2023-10-29,West,Online
332,105,3,0.18,45,2023-12-13,West,Cash
333,107,4,0.1,12,2023-04-12,North,Credit Card
334,102,3,0.21,40,2023-10-09,South,Credit Card
335,106,4,0.17,18,2023-05-13,North,Credit Card
336,103,4,0.08,35,2023-03-24,East,Online
337,105,3,0.15,45,2023-12-26,North,Credit Card
338,101,2,0.09,25,2023-09-04,North,Credit Card
339,103,2,0.03,35,2023-06-14,South,Online
340,100,3,0.18,20,2023-11-04,East,Cash
341,109,2,0.04,20,2023-11-27,East,Cash
342,108,2,0.19,30,2023-05-25,East,Credit Card
343,108,2,0.11,30,2023-02-15,North,Credit Card
344,100,2,0.11,20,2023-04-10,East,Cash
345,106,2,0.07,18,2023-12-05,North,Credit Card
346,107,3,0.01,12,2023-10-31,West,Online
347,106,4,0.24,18,2023-01-26,East,Credit Card
348,100,3,0.04,20,2023-01-23,North,Online
349,105,3,0.14,45,2023-01-15,West,Cash
350,100,4,0.04,20,2023-02-16,West,Cash
351,103,5,0.13,35,2023-04-02,West,Cash
352,106,3,0.04,18,2023-08-01,South,Cash
353,105,5,0.05,45,2023-11-07,West,Online
354,103,3,0.15,35,2023-11-06,West,Cash
355,107,5,0.06,12,2023-07-04,East,Online
356,101,4,0.18,25,2023-03-03,South,Credit Card
357,103,5,0.11,35,2023-07-31,West,Cash
358,109,1,0.12,20,2023-03-16,East,Online
359,105,4,0.22,45,2023-09-20,East,Credit Card
360,107,4,0.08,12,2023-10-18,East,Cash
361,103,3,0.18,35,2023-10-15,North,Credit Card
362,109,4,0.1,20,2023-07-17,East,Cash
363,101,4,0.0,25,2023-10-26,North,Credit Card
364,102,1,0.18,40,2023-02-12,West,Online
365,107,5,0.04,12,2023-02-20,West,Online
366,108,5,0.06,30,2023-11-28,North,Cash
367,100,4,0.12,20,2023-02-12,East,Online
368,109,4,0.05,20,2023-05-18,South,Online
369,109,3,0.16,20,2023-11-24,East,Online
370,103,5,0.02,35,2023-08-29,North,Online
371,105,4,0.05,45,2023-07-11,West,Cash
372,102,4,0.18,40,2023-01-04,West,Online
373,107,5,0.07,12,2023-06-11,West,Credit Card
374,101,3,0.02,25,2023-10-28,East,Credit Card
375,105,2,0.13,45,2023-12-15,West,Online
376,109,1,0.15,20,2023-04-07,West,Online
377,103,5,0.07,35,2023-08-31,South,Online
378,100,1,0.04,20,2023-11-22,East,Credit Card
379,109,3,0.19,20,2023-03-24,East,Credit Card
380,109,3,0.13,20,2023-03-25,South,Online
381,104,4,0.19,750,2023-07-26,North,Cash
382,110,3,0.2,5,2023-12-08,East,Cash
383,110,5,0.12,5,2023-12-20,North,Credit Card
384,105,2,0.21,45,2023-07-10,South,Cash
385,105,4,0.02,45,2023-04-08,West,Cash
386,105,1,0.05,45,2023-06-11,East,Credit Card
387,106,5,0.21,18,2023-08-03,North,Credit Card
388,104,4,0.19,750,2023-03-06,East,Online
389,109,3,0.24,20,2023-08-29,East,Credit Card
390,105,1,0.17,45,2023-12-13,West,Credit Card
391,101,3,0.08,25,2023-03-20,East,Cash
392,106,3,0.11,18,2023-09-29,North,Cash
393,103,4,0.2,35,2023-03-16,East,Online
394,104,3,0.11,750,2023-09-27,North,Credit Card
395,106,5,0.06,18,2023-08-04,North,Credit Card
396,100,1,0.11,20,2023-09-01,South,Cash
397,102,4,0.17,40,2023-08-21,North,Online
398,109,2,0.22,20,2023-10-29,West,Online
399,105,4,0.23,45,2023-01-06,South,Online
400,109,1,0.19,20,2023-03-27,East,Cash
401,104,4,0.0,750,2023-12-22,West,Cash
402,105,1,0.06,45,2023-05-01,North,Cash
403,109,1,0.15,20,2023-08-08,West,Online
404,108,2,0.19,30,2023-01-07,South,Cash
405,106,4,0.22,18,2023-05-26,East,Credit Card
406,110,3,0.11,5,2023-11-26,East,Online
407,104,4,0.14,750,2023-05-23,South,Credit Card
408,108,4,0.1,30,2023-08-09,West,Credit Card
409,100,3,0.24,20,2023-03-14,East,Online
410,100,4,0.22,20,2023-09-13,East,Cash
411,100,1,0.21,20,2023-10-04,West,Online
412,107,3,0.13,12,2023-12-20,North,Credit Card
413,102,2,0.0,40,2023-06-08,South,Cash
414,102,4,0.12,40,2023-02-01,North,Cash
415,106,4,0.08,18,2023-05-07,East,Cash
416,106,3,0.01,18,2023-12-14,North,Online
417,100,4,0.09,20,2023-06-30,West,Credit Card
418,110,5,0.03,5,2023-09-24,South,Cash
419,106,3,0.21,18,2023-12-28,South,Credit Card
420,107,3,0.22,12,2023-04-16,East,Cash
421,100,2,0.17,20,2023-01-14,South,Cash
422,105,3,0.21,45,2023-09-15,South,Credit Card
423,105,1,0.17,45,2023-08-08,South,Online
424,109,2,0.1,20,2023-02-13,South,Online
425,109,3,0.23,20,2023-12-23,East,Credit Card
426,105,3,0.03,45,2023-11-14,West,Credit Card
427,101,3,0.02,25,2023-02-01,South,Online
428,106,4,0.13,18,2023-11-21,North,Online
429,106,1,0.14,18,2023-05-25,South,Cash
430,110,2,0.09,5,2023-07-08,West,Credit Card
431,108,3,0.21,30,2023-01-25,North,Online
432,107,1,0.19,12,2023-07-03,West,Credit Card
433,105,4,0.11,45,2023-02-17,East,Cash
434,107,5,0.05,12,2023-12-05,West,Credit Card
435,105,1,0.09,45,2023-01-04,North,Credit Card
436,102,2,0.03,40,2023-07-27,East,Cash
437,103,1,0.1,35,2023-08-14,East,Credit Card
438,108,1,0.1,30,2023-06-14,South,Credit Card
439,110,1,0.1,5,2023-04-18,West,Credit Card
440,109,3,0.05,20,2023-12-10,West,Cash
441,102,5,0.15,40,2023-04-24,North,Credit Card
442,102,2,0.07,40,2023-04-09,North,Credit Card
443,107,3,0.09,12,2023-05-28,West,Cash
444,108,4,0.18,30,2023-10-06,West,Cash
445,107,5,0.07,12,2023-12-22,East,Online
446,105,1,0.12,45,2023-05-17,South,Online
447,103,5,0.09,35,2023-07-25,South,Cash
448,110,3,0.14,5,2023-11-08,East,Online
449,105,5,0.16,45,2023-09-03,North,Credit Card
450,102,3,0.25,40,2023-10-23,South,Cash
451,105,1,0.19,45,2023-07-06,West,Cash
452,107,1,0.14,12,2023-06-02,West,Cash
453,104,1,0.12,750,2023-06-06,East,Online
454,105,3,0.16,45,2023-03-10,North,Online
455,107,3,0.09,12,2023-05-25,South,Online
456,102,4,0.06,40,2023-06-24,East,Credit Card
457,106,1,0.06,18,2023-07-13,South,Cash
458,106,5,0.07,18,2023-03-12,West,Cash
459,107,3,0.12,12,2023-12-19,South,Cash
460,102,4,0.24,40,2023-09-01,West,Online
461,101,5,0.01,25,2023-04-01,South,Online
462,107,5,0.09,12,2023-08-30,North,Cash
463,102,5,0.03,40,2023-09-02,South,Credit Card
464,107,3,0.08,12,2023-09-23,North,Cash
465,102,3,0.04,40,2023-07-11,North,Online
466,107,4,0.18,12,2023-07-02,North,Cash
467,105,4,0.02,45,2023-05-10,North,Online
468,107,1,0.12,12,2023-02-10,East,Cash
469,103,5,0.24,35,2023-10-25,North,Cash
470,106,1,0.01,18,2023-11-17,North,Cash
471,100,3,0.05,20,2023-06-19,North,Online
472,109,5,0.17,20,2023-09-06,West,Credit Card
473,102,4,0.18,40,2023-09-26,East,Online
474,108,4,0.09,30,2023-09-17,South,Credit Card
475,104,2,0.16,750,2023-04-15,East,Credit Card
476,108,1,0.15,30,2023-10-16,East,Online
477,106,5,0.23,18,2023-11-01,North,Credit Card
478,109,2,0.08,20,2023-03-04,South,Cash
479,106,4,0.18,18,2023-10-25,North,Credit Card
480,105,3,0.05,45,2023-05-29,East,Credit Card
481,104,1,0.2,750,2023-05-26,North,Cash
482,107,5,0.12,12,2023-02-27,West,Credit Card
483,110,3,0.03,5,2023-12-17,East,Cash
484,106,5,0.13,18,2023-09-15,East,Credit Card
485,102,4,0.22,40,2023-11-19,East,Cash
486,100,3,0.21,20,2023-04-28,North,Credit Card
487,110,5,0.21,5,2023-03-02,East,Credit Card
488,101,3,0.14,25,2023-07-08,South,Cash
489,108,3,0.18,30,2023-08-25,North,Online
490,101,4,0.01,25,2023-05-18,South,Cash
491,105,4,0.03,45,2023-02-09,West,Online
492,104,4,0.07,750,2023-11-07,East,Credit Card
493,101,4,0.04,25,2023-08-16,East,Cash
494,109,1,0.02,20,2023-04-26,North,Cash
495,104,1,0.01,750,2023-05-17,South,Cash
496,100,3,0.07,20,2023-08-03,North,Credit Card
497,105,3,0.12,45,2023-01-07,North,Credit Card
498,101,1,0.04,25,2023-08-10,South,Credit Card
499,106,3,0.07,18,2023-11-13,East,Credit Card
500,109,2,0.02,20,2023-05-01,West,Cash
501,106,5,0.04,18,2023-12-13,East,Cash
502,109,5,0.11,20,2023-06-15,North,Cash
503,109,5,0.02,20,2023-02-11,East,Credit Card
504,110,4,0.03,5,2023-12-14,North,Online
505,106,5,0.21,18,2023-07-24,West,Cash
506,104,3,0.03,750,2023-02-16,East,Online
507,102,1,0.2,40,2023-01-01,North,Credit Card
508,105,2,0.03,45,2023-08-03,West,Credit Card
509,109,5,0.04,20,2023-08-16,North,Credit Card
510,105,1,0.22,45,2023-08-01,North,Credit Card
511,103,3,0.01,35,2023-03-01,East,Online
512,108,3,0.19,30,2023-04-05,East,Cash
513,109,3,0.0,20,2023-06-15,North,Cash
514,109,3,0.0,20,2023-08-03,South,Online
515,100,4,0.2,20,2023-01-05,East,Credit Card
516,100,5,0.08,20,2023-07-13,North,Credit Card
517,103,4,0.23,35,2023-05-13,North,Credit Card
518,103,3,0.23,35,2023-08-23,North,Credit Card
519,106,3,0.08,18,2023-01-17,East,Credit Card
520,105,5,0.1,45,2023-12-01,East,Online
521,101,5,0.06,25,2023-06-17,South,Credit Card
522,109,5,0.19,20,2023-05-23,East,Cash
523,108,1,0.22,30,2023-12-20,North,Credit Card
524,109,2,0.2,20,2023-04-11,South,Credit Card
525,109,2,0.23,20,2023-01-17,West,Online
526,110,3,0.03,5,2023-09-21,West,Online
527,100,4,0.16,20,2023-06-17,East,Online
528,107,1,0.17,12,2023-08-11,North,Online
529,106,3,0.14,18,2023-10-27,South,Credit Card
530,107,5,0.04,12,2023-03-31,West,Credit Card
531,106,3,0.17,18,2023-11-26,East,Credit Card
532,104,5,0.1,750,2023-02-02,South,Credit Card
533,109,1,0.17,20,2023-09-29,North,Cash
534,101,1,0.06,25,2023-01-17,East,Cash
535,104,5,0.12,750,2023-10-01,North,Credit Card
536,102,3,0.13,40,2023-12-26,South,Cash
537,102,2,0.11,40,2023-07-19,South,Credit Card
538,105,5,0.21,45,2023-01-26,North,Cash
539,106,4,0.04,18,2023-05-19,North,Cash
540,102,3,0.13,40,2023-09-22,South,Credit Card
541,102,4,0.21,40,2023-01-21,North,Cash
542,103,5,0.06,35,2023-01-11,South,Credit Card
543,100,5,0.09,20,2023-05-11,East,Cash
544,104,5,0.01,750,2023-06-02,West,Online
545,103,1,0.15,35,2023-04-21,North,Online
546,100,4,0.0,20,2023-08-27,East,Credit Card
547,105,1,0.16,45,2023-11-29,West,Credit Card
548,109,4,0.09,20,2023-05-16,East,Credit Card
549,104,4,0.14,750,2023-10-28,South,Cash
550,105,2,0.17,45,2023-11-09,East,Credit Card
551,106,4,0.11,18,2023-03-17,South,Online
552,109,5,0.11,20,2023-09-03,West,Online
553,104,2,0.23,750,2023-01-09,South,Online
554,101,2,0.21,25,2023-08-06,West,Credit Card
555,102,1,0.09,40,2023-11-01,South,Cash
556,105,5,0.02,45,2023-10-11,North,Online
557,101,2,0.07,25,2023-07-12,North,Online
558,101,1,0.25,25,2023-08-19,West,Credit Card
559,107,5,0.11,12,2023-08-26,South,Credit Card
560,101,5,0.01,25,2023-11-29,East,Cash
561,109,5,0.13,20,2023-09-29,West,Cash
562,103,5,0.13,35,2023-11-09,North,Credit Card
563,110,1,0.14,5,2023-08-24,East,Online
564,109,2,0.23,20,2023-06-14,North,Cash
565,101,5,0.22,25,2023-06-27,North,Online
566,107,5,0.24,12,2023-08-27,North,Online
567,102,5,0.03,40,2023-11-21,South,Online
568,100,1,0.04,20,2023-11-19,South,Cash
569,107,5,0.15,12,2023-06-08,East,Online
570,102,2,0.25,40,2023-09-01,North,Cash
571,105,4,0.25,45,2023-06-14,East,Cash
572,107,1,0.05,12,2023-09-30,North,Credit Card
573,106,2,0.07,18,2023-01-28,South,Online
574,104,3,0.07,750,2023-05-14,West,Cash
575,106,1,0.12,18,2023-10-16,West,Cash
576,107,3,0.0,12,2023-08-28,North,Credit Card
577,105,4,0.12,45,2023-01-27,West,Cash
578,104,5,0.18,750,2023-08-26,South,Cash
579,108,5,0.08,30,2023-11-01,East,Cash
580,104,4,0.2,750,2023-03-02,East,Online
581,107,5,0.0,12,2023-04-16,West,Cash
582,100,5,0.12,20,2023-12-25,South,Online
583,105,4,0.12,45,2023-07-20,West,Cash
584,103,5,0.05,35,2023-01-21,North,Credit Card
585,107,4,0.09,12,2023-05-28,North,Online
586,110,1,0.21,5,2023-09-06,South,Credit Card
587,104,4,0.16,750,2023-03-08,West,Online
588,109,5,0.15,20,2023-07-30,West,Credit Card
589,109,1,0.18,20,2023-04-30,North,Online
590,106,2,0.05,18,2023-11-06,East,Online
591,104,5,0.21,750,2023-10-08,North,Cash
592,108,2,0.25,30,2023-01-04,East,Cash
593,101,1,0.11,25,2023-11-08,East,Credit Card
594,101,2,0.2,25,2023-06-30,West,Credit Card
595,107,5,0.06,12,2023-09-26,West,Online
596,109,2,0.06,20,2023-12-23,North,Credit Card
597,103,3,0.11,35,2023-06-17,East,Cash
598,110,5,0.17,5,2023-10-20,East,Cash
599,105,5,0.05,45,2023-10-14,East,Cash
600,107,3,0.09,12,2023-08-12,East,Cash
601,107,1,0.19,12,2023-10-10,North,Cash
602,105,5,0.2,45,2023-11-21,West,Credit Card
603,107,1,0.01,12,2023-11-19,East,Cash
604,101,5,0.21,25,2023-03-05,South,Cash
605,109,3,0.13,20,2023-12-19,South,Cash
606,100,3,0.22,20,2023-11-18,East,Online
607,105,4,0.03,45,2023-03-20,East,Credit Card
608,101,3,0.05,25,2023-06-10,East,Online
609,101,2,0.1,25,2023-12-25,West,Cash
610,101,3,0.15,25,2023-06-28,West,Online
611,103,2,0.18,35,2023-09-24,North,Credit Card
612,102,5,0.08,40,2023-02-20,North,Credit Card
613,109,4,0.08,20,2023-07-31,East,Credit Card
614,105,5,0.06,45,2023-07-08,West,Credit Card
615,110,5,0.11,5,2023-08-22,South,Cash
616,103,3,0.22,35,2023-05-27,North,Credit Card
617,107,3,0.13,12,2023-02-22,East,Online
618,103,5,0.09,35,2023-11-06,North,Credit Card
619,104,4,0.19,750,2023-08-30,South,Online
620,108,1,0.17,30,2023-11-15,East,Credit Card
621,102,1,0.2,40,2023-10-07,West,Credit Card
622,100,5,0.19,20,2023-12-28,South,Credit Card
623,108,5,0.04,30,2023-03-19,South,Online
624,100,4,0.0,20,2023-02-25,North,Online
625,107,4,0.18,12,2023-06-06,West,Cash
626,110,3,0.04,5,2023-11-02,North,Credit Card
627,109,2,0.17,20,2023-03-30,East,Cash
628,110,4,0.02,5,2023-11-04,East,Online
629,105,3,0.24,45,2023-03-31,East,Credit Card
630,105,4,0.11,45,2023-07-30,East,Cash
631,100,3,0.21,20,2023-06-28,East,Credit Card
632,109,1,0.17,20,2023-06-19,South,Cash
633,100,5,0.02,20,2023-10-06,South,Credit Card
634,109,4,0.11,20,2023-04-15,North,Online
635,107,4,0.04,12,2023-05-16,East,Online
636,106,2,0.04,18,2023-06-05,West,Credit Card
637,100,2,0.19,20,2023-08-12,West,Online
638,100,4,0.12,20,2023-11-22,West,Cash
639,110,5,0.25,5,2023-08-16,North,Credit Card
640,107,3,0.04,12,2023-06-09,North,Credit Card
641,105,5,0.17,45,2023-01-23,East,Credit Card
642,109,1,0.11,20,2023-02-06,South,Online
643,109,2,0.23,20,2023-12-17,West,Online
644,100,3,0.12,20,2023-09-01,East,Credit Card
645,102,3,0.07,40,2023-09-22,South,Cash
646,103,2,0.05,35,2023-05-01,West,Cash
647,104,4,0.22,750,2023-06-28,South,Credit Card
648,102,5,0.23,40,2023-11-12,South,Credit Card
649,108,3,0.14,30,2023-06-09,West,Credit Card
650,105,1,0.13,45,2023-03-26,East,Online
651,110,5,0.13,5,2023-05-07,East,Online
652,101,1,0.14,25,2023-05-03,West,Cash
653,107,1,0.01,12,2023-01-29,East,Credit Card
654,103,5,0.25,35,2023-11-02,South,Credit Card
655,102,1,0.05,40,2023-07-10,South,Cash
656,102,1,0.18,40,2023-05-10,South,Credit Card
657,103,2,0.21,35,2023-06-29,South,Online
658,101,5,0.01,25,2023-04-15,East,Online
659,104,3,0.01,750,2023-06-22,North,Cash
660,103,4,0.08,35,2023-10-14,North,Credit Card
661,104,4,0.16,750,2023-02-20,North,Cash
662,103,5,0.06,35,2023-12-09,West,Credit Card
663,110,3,0.03,5,2023-07-27,South,Online
664,108,5,0.1,30,2023-04-03,East,Cash
665,107,5,0.06,12,2023-11-06,North,Cash
666,109,3,0.13,20,2023-11-01,North,Cash
667,100,1,0.25,20,2023-06-21,West,Cash
668,103,1,0.15,35,2023-04-01,East,Cash
669,101,3,0.18,25,2023-09-24,West,Cash
670,109,3,0.23,20,2023-08-08,South,Online
671,102,3,0.03,40,2023-04-30,East,Credit Card
672,106,5,0.06,18,2023-03-22,North,Cash
673,104,1,0.02,750,2023-09-04,South,Credit Card
674,102,1,0.12,40,2023-02-19,North,Online
675,100,2,0.05,20,2023-05-07,North,Cash
676,109,4,0.15,20,2023-04-01,West,Cash
677,102,2,0.2,40,2023-03-17,East,Cash
678,102,2,0.21,40,2023-04-13,South,Cash
679,109,5,0.16,20,2023-10-17,North,Cash
680,109,2,0.07,20,2023-01-29,South,Online
681,110,3,0.24,5,2023-03-02,North,Online
682,104,2,0.02,750,2023-06-02,West,Online
683,100,1,0.06,20,2023-03-06,South,Online
684,110,4,0.06,5,2023-02-09,West,Online
685,102,4,0.24,40,2023-06-11,West,Cash
686,100,4,0.18,20,2023-03-10,West,Cash
687,104,1,0.01,750,2023-06-14,South,Cash
688,102,2,0.07,40,2023-03-15,North,Credit Card
689,109,3,0.07,20,2023-08-28,West,Credit Card
690,109,3,0.11,20,2023-12-22,East,Credit Card
691,106,5,0.03,18,2023-12-29,East,Credit Card
692,100,1,0.17,20,2023-07-07,East,Cash
693,109,5,0.16,20,2023-09-11,North,Credit Card
694,105,3,0.1,45,2023-05-31,South,Credit Card
695,105,2,0.18,45,2023-09-03,South,Credit Card
696,106,1,0.12,18,2023-10-06,East,Cash
697,107,3,0.14,12,2023-12-14,West,Online
698,102,1,0.24,40,2023-12-03,South,Credit Card
699,108,1,0.1,30,2023-04-04,North,Cash
700,109,3,0.09,20,2023-06-30,South,Credit Card
701,104,2,0.14,750,2023-01-26,East,Credit Card
702,104,4,0.07,750,2023-08-20,West,Online
703,101,5,0.25,25,2023-04-11,West,Cash
704,105,1,0.09,45,2023-12-21,North,Online
705,105,1,0.14,45,2023-02-05,West,Online
706,101,2,0.1,25,2023-02-10,South,Cash
707,100,1,0.11,20,2023-01-23,West,Cash
708,109,2,0.12,20,2023-11-26,East,Online
709,102,2,0.12,40,2023-08-14,North,Online
710,107,1,0.06,12,2023-01-10,West,Cash
711,109,3,0.2,20,2023-08-25,South,Online
712,105,2,0.24,45,2023-07-29,North,Credit Card
713,105,4,0.25,45,2023-05-21,North,Cash
714,109,4,0.02,20,2023-05-19,West,Online
715,104,5,0.2,750,2023-09-06,East,Cash
716,108,5,0.03,30,2023-10-26,West,Online
717,108,3,0.15,30,2023-05-06,West,Online
718,102,5,0.19,40,2023-10-09,East,Credit Card
719,108,2,0.02,30,2023-11-02,South,Cash
720,109,1,0.13,20,2023-07-28,West,Online
721,108,2,0.1,30,2023-10-30,East,Online
722,108,1,0.25,30,2023-10-02,South,Cash
723,110,1,0.18,5,2023-10-07,North,Online
724,106,2,0.02,18,2023-01-25,East,Cash
725,106,5,0.12,18,2023-08-21,South,Online
726,104,5,0.12,750,2023-07-31,East,Cash
727,102,3,0.2,40,2023-12-01,West,Credit Card
728,102,2,0.22,40,2023-12-03,South,Online
729,107,1,0.1,12,2023-04-06,East,Credit Card
730,102,2,0.02,40,2023-03-02,East,Credit Card
731,107,5,0.02,12,2023-07-23,South,Online
732,103,2,0.11,35,2023-02-25,East,Online
733,105,3,0.01,45,2023-09-29,North,Cash
734,104,4,0.14,750,2023-03-26,North,Online
735,103,1,0.19,35,2023-12-22,West,Cash
736,107,4,0.0,12,2023-03-19,North,Online
737,109,3,0.23,20,2023-06-19,East,Credit Card
738,109,4,0.17,20,2023-05-22,South,Online
739,108,2,0.09,30,2023-10-28,South,Credit Card
740,109,4,0.01,20,2023-04-30,North,Online
741,101,1,0.12,25,2023-10-10,North,Credit Card
742,104,3,0.19,750,2023-10-31,South,Online
743,103,2,0.14,35,2023-07-09,West,Cash
744,109,3,0.07,20,2023-05-17,East,Credit Card
745,108,2,0.09,30,2023-07-01,West,Credit Card
746,103,3,0.04,35,2023-06-15,East,Online
747,110,5,0.14,5,2023-10-16,West,Credit Card
748,107,5,0.22,12,2023-11-09,South,Credit Card
749,108,1,0.24,30,2023-11-04,West,Credit Card
750,103,2,0.04,35,2023-01-21,West,Cash
751,102,1,0.21,40,2023-03-19,South,Cash
752,102,1,0.0,40,2023-02-07,East,Cash
753,105,1,0.03,45,2023-11-27,East,Online
754,108,4,0.06,30,2023-04-21,East,Credit Card
755,107,3,0.15,12,2023-12-08,North,Online
756,110,4,0.1,5,2023-10-01,West,Credit Card
757,103,4,0.11,35,2023-05-23,North,Cash
758,103,4,0.08,35,2023-02-16,East,Cash
759,107,5,0.04,12,2023-07-29,North,Credit Card
760,107,4,0.02,12,2023-06-09,North,Online
761,106,5,0.2,18,2023-02-12,North,Online
762,101,2,0.01,25,2023-12-12,West,Cash
763,105,3,0.11,45,2023-11-10,South,Cash
764,107,2,0.17,12,2023-08-05,West,Online
765,105,3,0.01,45,2023-08-18,South,Credit Card
766,110,4,0.13,5,2023-09-03,West,Credit Card
767,105,4,0.07,45,2023-12-06,West,Online
768,107,3,0.05,12,2023-08-25,North,Cash
769,103,5,0.12,35,2023-12-12,East,Online
770,108,4,0.2,30,2023-06-21,East,Online
771,104,2,0.01,750,2023-10-12,West,Cash
772,107,5,0.15,12,2023-06-11,East,Cash
773,109,5,0.17,20,2023-07-24,East,Cash
774,103,3,0.17,35,2023-11-06,North,Cash
775,104,1,0.19,750,2023-01-23,East,Credit Card
776,105,4,0.08,45,2023-12-11,West,Cash
777,102,2,0.08,40,2023-10-16,East,Online
778,108,2,0.06,30,2023-04-06,West,Credit Card
779,110,4,0.04,5,2023-06-08,South,Credit Card
780,106,4,0.24,18,2023-12-26,South,Online
781,109,3,0.23,20,2023-11-01,South,Online
782,103,5,0.07,35,2023-04-07,North,Cash
783,108,2,0.15,30,2023-11-16,South,Credit Card
784,103,3,0.16,35,2023-04-06,North,Cash
785,100,3,0.02,20,2023-07-11,South,Credit Card
786,108,2,0.22,30,2023-01-11,North,Online
787,100,5,0.09,20,2023-04-04,North,Credit Card
788,110,4,0.03,5,2023-08-07,West,Credit Card
789,102,3,0.2,40,2023-04-09,North,Credit Card
790,106,2,0.2,18,2023-02-24,West,Online
791,101,3,0.21,25,2023-08-30,North,Credit Card
792,100,4,0.16,20,2023-10-04,West,Cash
793,103,3,0.02,35,2023-07-11,East,Cash
794,110,1,0.02,5,2023-10-07,East,Online
795,100,3,0.09,20,2023-02-28,East,Online
796,107,4,0.02,12,2023-05-05,North,Credit Card
797,105,3,0.07,45,2023-03-31,West,Credit Card
798,107,1,0.07,12,2023-10-09,East,Cash
799,100,4,0.19,20,2023-04-19,West,Online
800,107,3,0.13,12,2023-05-29,South,Credit Card
801,102,3,0.25,40,2023-08-27,West,Online
802,107,1,0.21,12,2023-10-30,North,Online
803,103,2,0.23,35,2023-07-17,West,Credit Card
804,101,4,0.18,25,2023-10-29,South,Online
805,100,1,0.06,20,2023-05-24,South,Cash
806,108,5,0.03,30,2023-08-11,East,Cash
807,107,5,0.24,12,2023-03-20,West,Credit Card
808,110,5,0.12,5,2023-05-01,North,Online
809,106,4,0.14,18,2023-02-09,North,Online
810,105,3,0.09,45,2023-10-15,South,Cash
811,105,3,0.15,45,2023-05-18,West,Cash
812,100,3,0.11,20,2023-11-07,South,Online
813,102,3,0.11,40,2023-03-07,North,Cash
814,107,3,0.21,12,2023-08-12,West,Cash
815,100,2,0.14,20,2023-03-07,East,Credit Card
816,100,2,0.01,20,2023-08-27,North,Credit Card
817,105,2,0.01,45,2023-09-30,East,Online
818,101,2,0.05,25,2023-03-04,North,Cash
819,104,5,0.22,750,2023-04-30,North,Online
820,108,3,0.19,30,2023-12-26,East,Credit Card
821,105,1,0.16,45,2023-03-28,North,Online
822,106,3,0.08,18,2023-07-27,West,Cash
823,107,4,0.13,12,2023-07-15,West,Credit Card
824,109,1,0.09,20,2023-03-15,West,Online
825,104,3,0.01,750,2023-06-10,West,Credit Card
826,109,1,0.22,20,2023-07-26,South,Credit Card
827,103,4,0.06,35,2023-08-17,North,Credit Card
828,104,1,0.17,750,2023-02-14,South,Online
829,100,3,0.09,20,2023-08-26,West,Cash
830,103,3,0.19,35,2023-04-26,West,Credit Card
831,102,3,0.23,40,2023-03-28,East,Credit Card
832,105,5,0.07,45,2023-02-11,North,Online
833,103,1,0.12,35,2023-02-14,North,Credit Card
834,109,5,0.23,20,2023-12-30,North,Online
835,105,5,0.04,45,2023-09-14,West,Cash
836,101,1,0.15,25,2023-10-09,North,Cash
837,100,3,0.14,20,2023-12-08,East,Online
838,109,2,0.1,20,2023-08-25,South,Online
839,108,2,0.21,30,2023-09-13,East,Online
840,110,4,0.2,5,2023-08-05,South,Cash
841,106,3,0.13,18,2023-09-27,East,Online
842,103,1,0.01,35,2023-02-16,West,Online
843,108,4,0.02,30,2023-02-24,North,Credit Card
844,110,4,0.02,5,2023-01-10,East,Online
845,108,3,0.12,30,2023-04-11,East,Online
846,101,4,0.04,25,2023-06-10,East,Cash
847,107,5,0.23,12,2023-03-21,South,Cash
848,107,1,0.08,12,2023-03-29,North,Cash
849,107,5,0.1,12,2023-04-12,East,Credit Card
850,100,3,0.08,20,2023-05-13,East,Cash
851,107,1,0.16,12,2023-01-09,North,Cash
852,103,4,0.16,35,2023-06-27,South,Online
853,108,5,0.09,30,2023-11-02,East,Credit Card
854,101,2,0.04,25,2023-09-19,West,Credit Card
855,101,4,0.15,25,2023-02-07,East,Online
856,103,3,0.22,35,2023-04-05,West,Online
857,103,2,0.12,35,2023-06-07,East,Online
858,103,1,0.03,35,2023-02-08,West,Credit Card
859,100,1,0.05,20,2023-12-26,North,Cash
860,101,4,0.03,25,2023-07-25,South,Online
861,102,1,0.25,40,2023-02-25,East,Online
862,104,4,0.06,750,2023-10-06,South,Cash
863,103,1,0.23,35,2023-09-22,North,Credit Card
864,109,1,0.15,20,2023-03-26,North,Credit Card
865,100,3,0.14,20,2023-08-02,South,Credit Card
866,103,5,0.13,35,2023-03-14,North,Credit Card
867,104,4,0.1,750,2023-10-31,North,Credit Card
868,102,3,0.15,40,2023-02-20,South,Credit Card
869,100,2,0.16,20,2023-08-21,East,Cash
870,106,5,0.19,18,2023-08-03,North,Cash
871,103,5,0.2,35,2023-04-01,West,Credit Card
872,106,1,0.07,18,2023-08-25,North,Online
873,106,2,0.11,18,2023-04-25,West,Cash
874,109,2,0.0,20,2023-04-11,East,Cash
875,103,4,0.02,35,2023-07-12,West,Credit Card
876,103,1,0.19,35,2023-01-22,North,Credit Card
877,101,4,0.12,25,2023-05-23,East,Online
878,107,1,0.14,12,2023-08-08,East,Online
879,109,5,0.13,20,2023-09-05,West,Credit Card
880,107,3,0.09,12,2023-08-26,East,Online
881,109,3,0.06,20,2023-12-20,North,Online
882,105,4,0.06,45,2023-03-22,West,Online
883,107,2,0.21,12,2023-04-25,South,Credit Card
884,106,1,0.07,18,2023-10-16,North,Credit Card
885,105,5,0.01,45,2023-01-29,West,Online
886,103,4,0.11,35,2023-09-29,East,Credit Card
887,102,4,0.14,40,2023-05-08,South,Online
888,109,5,0.2,20,2023-05-25,North,Online
889,103,2,0.21,35,2023-01-13,South,Online
890,105,4,0.18,45,2023-01-12,West,Cash
891,110,2,0.08,5,2023-08-07,South,Cash
892,110,5,0.23,5,2023-11-21,East,Credit Card
893,103,4,0.14,35,2023-02-20,West,Credit Card
894,109,3,0.24,20,2023-11-28,East,Online
895,109,1,0.06,20,2023-03-09,East,Credit Card
896,104,5,0.22,750,2023-12-24,West,Online
897,110,3,0.17,5,2023-01-07,North,Online
898,103,5,0.21,35,2023-10-25,West,Cash
899,110,4,0.03,5,2023-11-29,East,Credit Card
900,109,2,0.2,20,2023-12-03,West,Credit Card
901,101,5,0.12,25,2023-01-05,West,Online
902,100,2,0.01,20,2023-07-12,West,Cash
903,106,5,0.12,18,2023-12-30,West,Credit Card
904,103,1,0.09,35,2023-09-28,West,Online
905,107,5,0.21,12,2023-06-05,West,Online
906,107,1,0.06,12,2023-10-15,South,Cash
907,105,4,0.02,45,2023-08-08,East,Online
908,105,3,0.14,45,2023-04-07,East,Credit Card
909,105,4,0.12,45,2023-05-07,East,Online
910,103,1,0.02,35,2023-08-13,East,Online
911,102,4,0.03,40,2023-10-16,East,Credit Card
912,109,4,0.02,20,2023-05-01,North,Cash
913,104,1,0.02,750,2023-01-06,East,Cash
914,110,3,0.14,5,2023-12-22,East,Credit Card
915,102,1,0.14,40,2023-11-07,South,Credit Card
916,105,4,0.24,45,2023-10-22,East,Online
917,104,3,0.11,750,2023-11-03,West,Credit Card
918,105,4,0.17,45,2023-06-14,South,Credit Card
919,110,3,0.24,5,2023-07-29,North,Online
920,108,5,0.04,30,2023-09-06,West,Cash
921,110,4,0.11,5,2023-07-29,West,Online
922,110,5,0.05,5,2023-03-18,West,Credit Card
923,105,2,0.24,45,2023-10-21,West,Online
924,100,4,0.21,20,2023-03-04,West,Online
925,102,1,0.19,40,2023-10-07,North,Cash
926,104,1,0.21,750,2023-10-24,South,Online
927,108,1,0.05,30,2023-06-04,North,Online
928,107,3,0.21,12,2023-04-02,West,Credit Card
929,103,5,0.2,35,2023-02-28,South,Credit Card
930,109,4,0.19,20,2023-07-30,North,Cash
931,110,5,0.22,5,2023-10-22,West,Online
932,105,3,0.08,45,2023-04-03,East,Cash
933,103,5,0.07,35,2023-11-03,West,Credit Card
934,108,3,0.23,30,2023-04-08,West,Credit Card
935,110,4,0.11,5,2023-01-11,North,Cash
936,102,3,0.02,40,2023-11-18,North,Credit Card
937,107,5,0.22,12,2023-11-07,East,Credit Card
938,101,2,0.24,25,2023-01-19,East,Credit Card
939,110,3,0.12,5,2023-11-18,East,Online
940,104,3,0.14,750,2023-12-08,South,Cash
941,103,5,0.02,35,2023-06-13,East,Cash
942,108,1,0.08,30,2023-03-19,South,Online
943,105,2,0.02,45,2023-10-14,West,Credit Card
944,102,4,0.19,40,2023-02-15,West,Online
945,105,3,0.1,45,2023-05-14,North,Credit Card
946,105,2,0.16,45,2023-12-04,North,Cash
947,108,2,0.21,30,2023-03-28,North,Online
948,100,4,0.11,20,2023-03-03,West,Online
949,105,3,0.14,45,2023-03-15,South,Credit Card
950,106,1,0.03,18,2023-12-25,West,Online
951,109,1,0.21,20,2023-01-06,West,Cash
952,106,2,0.02,18,2023-02-04,North,Online
953,110,1,0.2,5,2023-09-30,West,Credit Card
954,109,3,0.2,20,2023-08-28,East,Online
955,103,4,0.15,35,2023-10-10,South,Cash
956,104,3,0.2,750,2023-10-22,East,Cash
957,103,4,0.05,35,2023-02-11,South,Cash
958,104,4,0.18,750,2023-07-16,North,Credit Card
959,102,1,0.07,40,2023-05-18,West,Credit Card
960,109,1,0.09,20,2023-03-28,South,Online
961,102,5,0.17,40,2023-08-11,South,Credit Card
962,106,4,0.18,18,2023-05-06,South,Cash
963,102,4,0.24,40,2023-12-20,West,Credit Card
964,102,4,0.13,40,2023-12-04,West,Credit Card
965,101,5,0.18,25,2023-03-27,South,Cash
966,108,3,0.08,30,2023-09-07,North,Cash
967,107,2,0.13,12,2023-03-25,West,Cash
968,110,2,0.21,5,2023-11-10,East,Credit Card
969,104,2,0.19,750,2023-12-14,South,Credit Card
970,100,4,0.18,20,2023-06-15,South,Cash
971,104,4,0.09,750,2023-04-10,South,Cash
972,105,4,0.11,45,2023-01-04,West,Credit Card
973,100,2,0.09,20,2023-10-12,North,Cash
974,106,5,0.12,18,2023-04-18,North,Credit Card
975,108,4,0.17,30,2023-05-22,East,Cash
976,104,5,0.01,750,2023-10-23,North,Online
977,110,2,0.22,5,2023-02-04,West,Credit Card
978,102,2,0.24,40,2023-10-19,West,Online
979,107,5,0.22,12,2023-02-19,North,Online
980,107,3,0.06,12,2023-12-25,East,Credit Card
981,105,4,0.03,45,2023-01-18,South,Online
982,100,4,0.22,20,2023-03-31,North,Online
983,107,2,0.05,12,2023-07-01,East,Cash
984,100,3,0.14,20,2023-10-22,East,Credit Card
985,102,3,0.2,40,2023-03-01,South,Credit Card
986,102,3,0.09,40,2023-08-22,East,Credit Card
987,101,3,0.1,25,2023-07-30,East,Online
988,106,2,0.22,18,2023-12-30,North,Online
989,109,4,0.08,20,2023-09-22,South,Cash
990,110,3,0.06,5,2023-10-01,South,Credit Card
991,108,3,0.08,30,2023-10-17,East,Credit Card
992,106,3,0.08,18,2023-03-06,East,Credit Card
993,107,2,0.21,12,2023-03-17,North,Cash
994,102,1,0.12,40,2023-04-09,East,Cash
995,106,3,0.0,18,2023-07-18,East,Online
996,102,5,0.12,40,2023-10-30,South,Credit Card
997,100,4,0.01,20,2023-03-01,North,Cash
998,109,4,0.05,20,2023-09-18,West,Online
999,102,4,0.02,40,2023-03-25,West,Cash
1000,108,3,0.04,30,2023-07-02,West,Online
